{"cameraMode":{"drawMode":0,"name":"Shaded","section":"Shading Mode"},"sceneLighting":true,"audioPlay":false,"sceneViewState":{"showFog":true,"showMaterialUpdate":false,"showSkybox":true,"showFlares":true,"showImageEffects":true,"showParticleSystems":true},"in2DMode":false,"pivot":{"x":15.319147109985352,"y":0.27479612827301028,"z":7.9029436111450199},"rotation":{"x":0.1246461495757103,"y":0.7268115282058716,"z":-0.13702154159545899,"w":0.66138756275177},"size":4.571358680725098,"orthographic":false}