{"cameraMode":{"drawMode":0,"name":"Shaded","section":"Shading Mode"},"sceneLighting":false,"audioPlay":false,"sceneViewState":{"showFog":true,"showMaterialUpdate":false,"showSkybox":false,"showFlares":true,"showImageEffects":true,"showParticleSystems":true},"in2DMode":false,"pivot":{"x":11.631660461425782,"y":1.8889507055282593,"z":5.540952205657959},"rotation":{"x":0.0011316390009596944,"y":0.9984536170959473,"z":-0.05096576735377312,"w":0.022173402830958368},"size":7.858326435089111,"orthographic":false}