{"cameraMode":{"drawMode":0,"name":"Shaded","section":"Shading Mode"},"sceneLighting":true,"audioPlay":false,"sceneViewState":{"showFog":true,"showMaterialUpdate":false,"showSkybox":true,"showFlares":true,"showImageEffects":true,"showParticleSystems":true},"in2DMode":false,"pivot":{"x":11.611650466918946,"y":0.9381273984909058,"z":5.400984287261963},"rotation":{"x":-0.004458910319954157,"y":0.9901265501976013,"z":-0.13631050288677216,"w":-0.032387975603342059},"size":7.0764665603637699,"orthographic":false}