{"cameraMode":{"drawMode":0,"name":"Shaded","section":"Shading Mode"},"sceneLighting":true,"audioPlay":false,"sceneViewState":{"showFog":true,"showMaterialUpdate":false,"showSkybox":true,"showFlares":true,"showImageEffects":true,"showParticleSystems":true},"in2DMode":false,"pivot":{"x":12.002534866333008,"y":2.0203466415405275,"z":5.830699443817139},"rotation":{"x":0.011826166883111,"y":-0.9799428582191467,"z":0.0612257719039917,"w":0.1892714649438858},"size":2.648219108581543,"orthographic":false}