{"cameraMode":{"drawMode":0,"name":"Shaded","section":"Shading Mode"},"sceneLighting":false,"audioPlay":false,"sceneViewState":{"showFog":true,"showMaterialUpdate":false,"showSkybox":false,"showFlares":true,"showImageEffects":true,"showParticleSystems":true},"in2DMode":false,"pivot":{"x":612.8854370117188,"y":352.663818359375,"z":-0.15000000596046449},"rotation":{"x":-0.003500591963529587,"y":0.9960528612136841,"z":-0.07634619623422623,"w":-0.04514157772064209},"size":246.72174072265626,"orthographic":false}