{"cameraMode":{"drawMode":0,"name":"Shaded","section":"Shading Mode"},"sceneLighting":true,"audioPlay":false,"sceneViewState":{"showFog":true,"showMaterialUpdate":false,"showSkybox":true,"showFlares":true,"showImageEffects":true,"showParticleSystems":true},"in2DMode":false,"pivot":{"x":11.962151527404786,"y":1.889557123184204,"z":5.679027557373047},"rotation":{"x":-0.008920871652662754,"y":0.9684590697288513,"z":-0.03487037494778633,"w":-0.24655938148498536},"size":1.866279125213623,"orthographic":false}