{"cameraMode":{"drawMode":0,"name":"Shaded","section":"Shading Mode"},"sceneLighting":true,"audioPlay":false,"sceneViewState":{"showFog":true,"showMaterialUpdate":false,"showSkybox":true,"showFlares":true,"showImageEffects":true,"showParticleSystems":true},"in2DMode":false,"pivot":{"x":11.689679145812989,"y":2.108964204788208,"z":4.892810821533203},"rotation":{"x":-0.007103992160409689,"y":0.9929342269897461,"z":-0.0851011574268341,"w":-0.08239491283893585},"size":2.2565581798553469,"orthographic":false}