{"cameraMode":{"drawMode":0,"name":"Shaded","section":"Shading Mode"},"sceneLighting":true,"audioPlay":false,"sceneViewState":{"showFog":true,"showMaterialUpdate":false,"showSkybox":true,"showFlares":true,"showImageEffects":true,"showParticleSystems":true},"in2DMode":false,"pivot":{"x":11.991288185119629,"y":2.2645366191864015,"z":6.292271137237549},"rotation":{"x":-0.00004266211544745602,"y":-0.9995670914649963,"z":-0.00149850407615304,"w":0.029384758323431016},"size":1.8087472915649415,"orthographic":false}