{"cameraMode":{"drawMode":0,"name":"Shaded","section":"Shading Mode"},"sceneLighting":true,"audioPlay":false,"sceneViewState":{"showFog":true,"showMaterialUpdate":false,"showSkybox":true,"showFlares":true,"showImageEffects":true,"showParticleSystems":true},"in2DMode":false,"pivot":{"x":44.5414924621582,"y":152.84396362304688,"z":267.849365234375},"rotation":{"x":-0.01712843030691147,"y":0.9362337589263916,"z":0.04608897864818573,"w":0.3479207456111908},"size":0.1007375419139862,"orthographic":false}