{"cameraMode":{"drawMode":0,"name":"Shaded","section":"Shading Mode"},"sceneLighting":false,"audioPlay":false,"sceneViewState":{"showFog":true,"showMaterialUpdate":false,"showSkybox":false,"showFlares":true,"showImageEffects":true,"showParticleSystems":true},"in2DMode":false,"pivot":{"x":11.631660461425782,"y":1.8889507055282593,"z":5.540952205657959},"rotation":{"x":-0.0025563284289091827,"y":0.9972040057182312,"z":-0.04071877896785736,"w":-0.06260723620653153},"size":7.858326435089111,"orthographic":false}