{"cameraMode":{"drawMode":0,"name":"Shaded","section":"Shading Mode"},"sceneLighting":true,"audioPlay":false,"sceneViewState":{"showFog":true,"showMaterialUpdate":false,"showSkybox":true,"showFlares":true,"showImageEffects":true,"showParticleSystems":true},"in2DMode":false,"pivot":{"x":44.5414924621582,"y":152.84396362304688,"z":267.849365234375},"rotation":{"x":-0.009855883195996285,"y":0.9529458284378052,"z":0.03116138093173504,"w":0.3013736605644226},"size":0.1007375419139862,"orthographic":false}