{"cameraMode":{"drawMode":0,"name":"Shaded","section":"Shading Mode"},"sceneLighting":true,"audioPlay":false,"sceneViewState":{"showFog":true,"showMaterialUpdate":false,"showSkybox":true,"showFlares":true,"showImageEffects":true,"showParticleSystems":true},"in2DMode":false,"pivot":{"x":12.935399055480957,"y":0.4249131679534912,"z":6.270506858825684},"rotation":{"x":-0.021203022450208665,"y":0.933060348033905,"z":-0.35473716259002688,"w":-0.05577027052640915},"size":3.656510829925537,"orthographic":false}